"""From Date"" can not be greater than or equal to ""To Date""","Journal Entry,Bút toán",
% Utilization (B + NB) / T,"Tax,Thuế",
% Utilization (B / T),"Tax Category,Loại thuế",
'employee_field_value' and 'timestamp' are required.,&#39;worker_field_value&#39; và &#39;dấu thời gian&#39; là bắt buộc.,
) for {0},) cho {0},
<b>Base</b> amount has not been set for the following employee(s): {0},"BOM,Định mức nguyên vật liệu",
<b>Example:</b> SAL-{first_name}-{date_of_birth.year} <br>This will generate a password like SAL-Jane-1972,<b>Ví dụ:</b> SAL- {First_name} - {date_of_birth.year} <br> Điều này sẽ tạo ra một mật khẩu như SAL-Jane-1972,
<b>Total Leaves Allocated</b> are more than the number of days in the allocation period,"Work Order,Lệnh sản xuất",
"<h4>Condition Examples</h4>
<ol>
<li>Applying tax if employee born between 31-12-1937 and 01-01-1958 (Employees aged 60 to 80)<br>
<code>Condition: date_of_birth&gt;date(1937, 12, 31) and date_of_birth&lt;date(1958, 01, 01)</code></li><br><li>Applying tax by employee gender<br>
<code>Condition: gender==""Male""</code></li><br>
<li>Applying tax by Salary Component<br>
<code>Condition: base &gt; 10000</code></li></ol>","Currency,Tiền tệ",
A {0} exists between {1} and {2} (,{0} tồn tại trong khoảng từ {1} đến {2} (,
Abbr,Viết tắt,
Absent,Vắng mặt,
Absent Days,Ngày vắng mặt,
Academics User,Người dùng học thuật,
Accepted,Chấp nhận,
Account,Tài khoản,
Account Head,Tài khoản chính,
Account No,Tài khoản Không,
Account {0} does not belong to company: {1},Tài khoản {0} không thuộc về công ty: {1},
Accounting,Kế toán,
Accounting Details,Chi tiết hạch toán,
Accounting Dimensions,Phương diện kế toán,
Accounting Ledger,Sổ cái hạch toán,
Accounts,Tài khoản kế toán,
Accrual Journal Entry for salaries from {0} to {1},Tạp chí Accrual cho các khoản tiền lương từ {0} đến {1},
Action,thao tác,
Actions,Các thao tác,
Active,có hiệu lực,
Activities,Hoạt động,
Activity Name,Tên hoạt động,
Actual Amount,Số tiền thực tế,
Actual Cost,Giá thật,
Add to Details,Thêm vào chi tiết,
Add unused leaves from previous allocations,Thêm lá không sử dụng từ phân bổ trước,
Added to details,Đã thêm vào chi tiết,
Additional Amount,Số tiền bổ sung,
Additional PF,PF bổ sung,
Additional Salary,Mức lương bổ sung,
Additional Salary ,Lương bổ sung,
Additional Salary: {0} already exist for Salary Component: {1} for period {2} and {3},Mức lương bổ sung: {0} đã tồn tại cho Thành phần tiền lương: {1} cho giai đoạn {2} và {3},
Address of Organizer,Địa chỉ tổ chức,
Advance,Nâng cao,
Advance Account,Tài khoản trước,
Advance Amount,Số tiền ứng trước,
Advance Paid,Đã trả trước,
Advance Payments,Thanh toán trước,
Advances,Tạm ứng,
All,Tất cả,
All Jobs,Tất cả Jobs,
Allocate Leaves,Phân bổ lá,
Allocated Amount,Số lượng phân bổ,
Allocated Leaves,Lá được phân bổ,
Allocation,Phân bổ,
Allocation Expired!,Phân bổ hết hạn!,
Allow Encashment,Cho phép Encashment,
Allow Negative Balance,Cho phép cân đối tiêu cực,
Allow Tax Exemption,Cho phép Miễn thuế,
Allow User,Cho phép tài,
Allow Users,Cho phép người sử dụng,
Allow check-out after shift end time (in minutes),Cho phép trả phòng sau thời gian kết thúc ca (tính bằng phút),
Allow the following users to approve Leave Applications for block days.,Cho phép người sử dụng sau phê duyệt ứng dụng Để lại cho khối ngày.,
Alternating entries as IN and OUT during the same shift,Các mục nhập xen kẽ như IN và OUT trong cùng một ca,
Amended From,Sửa đổi Từ,
Amount,"Reports,Báo cáo",
Amount based on formula,Số tiền dựa trên công thức,
Annual Allocation,Phân bổ hàng năm,
Annual Salary,Mức lương hàng năm,
Any other details,Mọi chi tiết khác,
Applicable For,Đối với áp dụng,
Applicable in the case of Employee Onboarding,Áp dụng trong trường hợp giới thiệu nhân viên,
Applicant Email Address,Địa chỉ Email của người nộp đơn,
Applicant for a Job,Nộp đơn xin việc,
Applicant name,Tên ứng viên,
Application Status,Tình trạng ứng dụng,
Application period cannot be across two allocation records,Thời gian đăng ký không thể nằm trong hai bản ghi phân bổ,
Application period cannot be outside leave allocation period,Kỳ ứng dụng không thể có thời gian phân bổ nghỉ bên ngoài,
Applies to Company,Áp dụng đối với Công ty,
Apply,Ứng dụng,
Apply / Approve Leaves,Áp dụng / Phê duyệt Leaves,
Apply Now,Áp dụng ngay bây giờ,
Appointment Date,Ngày hẹn,
Appointment Letter,Thư hẹn,
Appointment Letter Template,Mẫu thư bổ nhiệm,
Appointment Letter content,Nội dung thư hẹn,
Appraisal,Thẩm định,
Appraisal Goal,Thẩm định mục tiêu,
Appraisal Template,Thẩm định mẫu,
Appraisal Template Goal,Thẩm định mẫu Mục tiêu,
Appraisal Template Title,Thẩm định Mẫu Tiêu đề,
Apprentice,Người học việc,
Approval Status,Tình trạng chính,
Approval Status must be 'Approved' or 'Rejected',"Tình trạng phê duyệt phải được ""chấp thuận"" hoặc ""từ chối""",
Approve,Tán thành,
Approved,Đã được phê duyệt,
Approver,Người Xét Duyệt,
Approvers,Người phê duyệt,
Apr,Tháng tư,
Archive,lưu trữ,
Archived,Lưu trữ,
Arrival Datetime,Thời gian đến,
As per your assigned Salary Structure you cannot apply for benefits,"Theo Cơ cấu tiền lương được chỉ định của bạn, bạn không thể nộp đơn xin trợ cấp",
Asset Name,Tên tài sản,
Assigning Structures...,Phân công cấu trúc ...,
Attachments,File đính kèm,
Attendance,Tham gia,
Attendance Date,Ngày có mặt,
Attendance From Date,Có mặt Từ ngày,
Attendance From Date and Attendance To Date is mandatory,"""Có mặt từ ngày"" tham gia và ""có mặt đến ngày"" là bắt buộc",
Attendance Marked,Tham dự đánh dấu,
Attendance Request,Yêu cầu tham dự,
Attendance To Date,Có mặt đến ngày,
Attendance for employee {0} is already marked for this day,Attendance cho nhân viên {0} đã được đánh dấu ngày này,
Attendance has been marked as per employee check-ins,Tham dự đã được đánh dấu theo đăng ký nhân viên,
Attendance not submitted for {0} as it is a Holiday.,Tham dự không được gửi cho {0} vì đây là Ngày lễ.,
Attendance will be marked automatically only after this date.,Tham dự sẽ được đánh dấu tự động chỉ sau ngày này.,
Attendees,Những người tham dự,
Aug,Tháng 8,
Auto Attendance Settings,Cài đặt tham dự tự động,
Auto Leave Encashment,Tự động rời khỏi Encashment,
Available Leaves,Lá có sẵn,
Awaiting Response,Đang chờ Response,
Bank,ngân hàng,
Bank Account,Tài khoản ngân hàng,
Bank Account No,Số Tài khoản Ngân hàng,
Bank Details,Thông tin chi tiết ngân hàng,
Bank Entries,Bút toán Ngân hàng,
Bank Name,Tên ngân hàng,
Bank Remittance,Chuyển tiền qua ngân hàng,
Base,Cơ sở,
Begin On (Days),Bắt đầu (ngày),
Begin check-in before shift start time (in minutes),Bắt đầu nhận phòng trước thời gian bắt đầu ca (tính bằng phút),
Beginner,Người bắt đầu,
Benefit,Lợi ích,
Bimonthly,hai tháng một lần,
Birthday Reminder,Lời nhắc sinh nhật,
Block Date,Khối kỳ hạn,
Block Days,Khối ngày,
Block Holidays on important days.,Khối ngày nghỉ vào những ngày quan trọng,
Blue,Màu xanh da trời,
Body,Thân hình,
Bonus Amount,Số tiền thưởng,
Bonus Payment Date,Ngày thanh toán thưởng,
Bonus Payment Date cannot be a past date,Ngày thanh toán thưởng không thể là ngày qua,
Branch,Chi nhánh,
Calculate Payroll Working Days Based On,Tính toán ngày làm việc trả lương dựa trên,
Calculated in days,Tính theo ngày,
Calls,Các cuộc gọi,
Campaign,Chiến dịch,
Cancel,Hủy bỏ,
Cancelled,HỦY BỎ,
Cannot find active Leave Period,Không thể tìm thấy Khoảng thời gian rời khỏi hoạt động,
Carry Forward,Carry Forward,
Carry Forwarded Leaves,Mang lá chuyển tiếp,
Casual Leave,Nghỉ phép năm,
Change,Thay đổi,
Check Vacancies On Job Offer Creation,Kiểm tra vị trí tuyển dụng khi tạo việc làm,
Check-in Date,Ngày nhận phòng,
Check-out Date,Ngày trả phòng,
Claim Benefit For,Yêu cầu quyền lợi cho,
Claim Date,Ngày yêu cầu,
Claimed,Đã yêu cầu,
Claimed Amount,Số Tiền Yêu Cầu,
Clearance Date,Ngày chốt sổ,
Close,Đóng,
Closed,Đã đóng,
Closing Balance,Số dư cuối kỳ,
Closing Notes,Ghi chú kết thúc,
Collapse All,Thu gọn tất cả,
Color,Màu,
Comments,Thẻ chú thích,
Commission,Hoa hồng bán hàng,
Company,Công ty,
Compensatory Leave Request,Yêu cầu để lại đền bù,
Compensatory Off,Nghỉ làm bù,
Completed,Hoàn thành,
Component,Hợp phần,
Component properties and references ,Thuộc tính thành phần và tham chiếu,
Condition,Điều kiện,
Condition and formula,Điều kiện và công thức,
Conditions,Điều kiện,
Conditions and Formula variable and example,Điều kiện và biến công thức và ví dụ,
Conference,Hội nghị,
Consider Unmarked Attendance As,Xem xét việc tham dự không được đánh dấu là,
Contact Email,Email Liên hệ,
Contact No.,Mã số Liên hệ,
Contact Number,Số Liên hệ,
Continue,Tiếp tục,
Contract,Hợp đồng,
Copy of Invitation/Announcement,Bản sao Lời mời / Thông báo,
Cost,Giá cả,
Cost Center,Bộ phận chi phí,
Cost Centers,Bộ phận chi phí,
Costing,Chi phí,
Costing Details,Chi tiết Chi phí,
Country,Tại,
Course,Khóa học,
Cover Letter,Thư xin việc,
Create,Tạo,
Create Employee,Tạo nhân viên,
Create Journal Entry,Tạo Nhật ký,
Create New Employee Id,Tạo Id Nhân viên Mới,
Create Payment Entry,Tạo mục thanh toán,
Create Salary Slip,Tạo Mức lương trượt,
Create Salary Slips,Tạo phiếu lương,
Create Separate Payment Entry Against Benefit Claim,Tạo khoản thanh toán riêng biệt chống lại khiếu nại lợi ích,
Creating Payment Entries......,Đang tạo mục thanh toán ......,
Creating Salary Slips...,Đang tạo phiếu lương ...,
Creation Date,Ngày Khởi tạo,
Criteria,Tiêu chí,
Currency,Tiền tệ,
Current,Hiện hành,
Current Count,Số hiện tại,
Current Odometer Value should be greater than Last Odometer Value {0},Giá trị Công tơ mét hiện tại phải lớn hơn Giá trị Công tơ mét cuối cùng {0},
Current Odometer value ,Giá trị đo đường hiện tại,
Current Openings,Mở hiện tại,
Customer,Khách Hàng,
Daily,Hàng ngày,
Daily Work Summary,Tóm tắt công việc hàng ngày,
Daily Work Summary Group,Nhóm làm việc hằng ngày,
Daily Work Summary Group User,Người sử dụng Nhóm Tóm lược công việc hàng ngày,
Daily Work Summary Replies,Tóm tắt công việc hàng ngày,
Dashboard,bảng điều khiển,
Date,Ngày,
Date Range,Phạm vi ngày,
Date is repeated,Ngày lặp lại,
Date of Birth,Ngày sinh,
Date of Joining,ngày gia nhập,
Days for which Holidays are blocked for this department.,Ngày mà bộ phận này có những ngày lễ bị chặn,
Debit A/C Number,Số nợ A / C,
Dec,Tháng mười hai,
Declarations,Tuyên bố,
Declared Amount,Số tiền khai báo,
Deduct Full Tax on Selected Payroll Date,Khấu trừ thuế đầy đủ vào ngày biên chế được chọn,
Deduct Tax For Unclaimed Employee Benefits,Thuế khấu trừ cho các quyền lợi của nhân viên chưa được xác nhận quyền sở hữu,
Deduct Tax For Unsubmitted Tax Exemption Proof,Khấu trừ thuế đối với chứng từ miễn thuế chưa nộp,
Deduction,Khấu trừ,
Deductions,Các khoản giảm trừ,
Default Account,Tài khoản mặc định,
Default Amount,Số tiền mặc định,
Default Bank / Cash account will be automatically updated in Salary Journal Entry when this mode is selected.,Mặc định tài khoản Ngân hàng / Tiền sẽ được tự động cập nhật trong Salary Journal Entry khi chế độ này được chọn.,
Default Employee Advance Account,Tài khoản Advance Employee mặc định,
Default Expense Claim Payable Account,Xác nhận khoản chi phí mặc định,
Default Payroll Payable Account,Mặc định lương Account Payable,
Default Salary Structure,Cơ cấu lương mặc định,
Default Shift,Shift mặc định,
Deferred Expense Account,Tài khoản chi trả hoãn lại,
Delete,Xóa,
Delivery Trip,Giao hàng tận nơi,
Department,Cục,
Department Approver,Bộ phê duyệt,
Departure Datetime,Thời gian khởi hành,
Depends on Payment Days,Phụ thuộc vào ngày thanh toán,
Description,Mô tả,
Description of a Job Opening,Mô tả công việc một Opening,
Designation,Chỉ định,
Designation Skill,Kỹ năng chỉ định,
Details,Chi tiết,
"Details of Sponsor (Name, Location)","Thông tin chi tiết của nhà tài trợ (Tên, địa điểm)",
Determine Check-in and Check-out,Xác định nhận phòng và trả phòng,
Disable,Vô hiệu hóa,
Disable Rounded Total,Vô hiệu hóa Tròn Tổng số,
Disabled,Đã vô hiệu hóa,
Dispensed Amount (Pro-rated),Số tiền được phân phối (Được xếp hạng theo tỷ lệ),
Do Not Include in Total,Không bao gồm trong tổng số,
Do not include in total,Không bao gồm trong tổng số,
Document Status,Trạng thái bản ghi,
Domestic,Trong nước,
Download PDF,Tải về PDF,
Download Template,Tải mẫu,
Draft,Bản nháp,
Duplicate Entry,Mục nhập trùng lặp,
Duration (Days),Thời gian (Ngày),
Early Exit,Xuất cảnh sớm,
Early Exit Grace Period,Thời gian xuất cảnh sớm,
Earned Leave,Nghỉ phép,
Earned Leave Frequency,Tần suất rời đi,
Earning,Thu nhập,
Earning Component,Thành phần kiếm tiền,
Earnings,Thu nhập,
Edit,Chỉnh sửa,
Effective from,Có hiệu lực từ,
Email,E-mail,
Email Address,Địa chỉ email,
Email ID,ID email,
Email Salary Slip to Employee,Gửi mail bảng lương tới nhân viên,
Email Sent To,Thư điện tử được gửi đến,
Email Template,Mẫu email,
Email sent to {0},Email đã gửi tới {0},
Emails salary slip to employee based on preferred email selected in Employee,trượt email lương cho nhân viên dựa trên email ưa thích lựa chọn trong nhân viên,
Employee,Nhân viên,
Employee A/C Number,Số nhân viên A / C,
Employee Advance,Advance Employee,
Employee Advance Summary,Tóm lược trước nhân viên,
Employee Advances,Tiến bộ nhân viên,
Employee Attendance Tool,Nhân viên Công cụ Attendance,
Employee Benefit Application,Đơn xin hưởng quyền lợi cho nhân viên,
Employee Benefit Application Detail,Chi tiết ứng dụng lợi ích nhân viên,
Employee Benefit Claim,Khiếu nại về Quyền lợi Nhân viên,
Employee Benefits,Lợi ích của nhân viên,
Employee Boarding Activity,Hoạt động lên máy bay nhân viên,
Employee Checkin,Đăng ký nhân viên,
Employee Details,Chi tiết nhân viên,
Employee Emails,Email của nhân viên,
Employee Grade,Nhân viên hạng,
Employee Health Insurance,Bảo hiểm sức khỏe nhân viên,
Employee Incentive,Khuyến khích nhân viên,
Employee Loan,nhân viên vay,
Employee Name,Tên nhân viên,
Employee Number,Số nhân viên,
Employee Onboarding,Giới thiệu nhân viên,
Employee Onboarding Template,Mẫu giới thiệu nhân viên,
Employee Other Income,Thu nhập khác của nhân viên,
Employee Promotion,Khuyến mãi nhân viên,
Employee Promotion Details,Chi tiết quảng cáo nhân viên,
Employee Property History,Lịch sử tài sản của nhân viên,
Employee Referral,Nhân viên giới thiệu,
Employee Separation,Tách nhân viên,
Employee Separation Template,Mẫu tách nhân viên,
Employee Settings,Thiết lập nhân viên,
Employee Skill,Kỹ năng nhân viên,
Employee Skill Map,Bản đồ kỹ năng nhân viên,
Employee Skills,Kỹ năng nhân viên,
Employee Tax Exemption Category,Danh mục miễn thuế của nhân viên,
Employee Tax Exemption Declaration,Tuyên bố miễn thuế nhân viên,
Employee Tax Exemption Declaration Category,Danh mục khai thuế miễn thuế cho nhân viên,
Employee Tax Exemption Proof Submission,Gửi bằng chứng miễn thuế cho nhân viên,
Employee Tax Exemption Proof Submission Detail,Chi tiết thông tin nộp thuế miễn thuế của nhân viên,
Employee Tax Exemption Sub Category,Danh mục phụ miễn thuế cho nhân viên,
Employee Training,Huấn luyện nhân viên,
Employee Transfer,Chuyển giao nhân viên,
Employee Transfer Detail,Chi tiết Chuyển khoản Nhân viên,
Employee Transfer Details,Chi tiết chuyển tiền của nhân viên,
Employee {0} has no maximum benefit amount,Nhân viên {0} không có số tiền trợ cấp tối đa,
Employee {0} is not active or does not exist,Nhân viên {0} không hoạt động hoặc không tồn tại,
Employee {0} is on Leave on {1},Nhân viên {0} vào Ngày khởi hành {1},
Employee {0} on Half day on {1},Employee {0} vào ngày nửa trên {1},
Employees,Nhân viên,
Employees HTML,Nhân viên HTML,
Employees working on a holiday,Nhân viên làm việc trên một kỳ nghỉ,
Employment Type,Loại việc làm,
Enable Auto Attendance,Kích hoạt tự động tham dự,
Enabled,Đã bật,
Encashment,Encashment,
Encashment Amount,Số tiền Encashment,
Encashment Date,Encashment Date,
Encrypt Salary Slips in Emails,Mã hóa phiếu lương trong email,
End Date,Ngày kết thúc,
End Time,End Time,
End time cannot be before start time,Thời gian kết thúc không thể trước thời gian bắt đầu,
Error,Lỗi,
Error Log,Lỗi hệ thống,
Error Message,Thông báo lỗi,
Error in some rows,Lỗi ở một số hàng,
Estimated Cost Per Position,Chi phí ước tính cho mỗi vị trí,
Evaluation,Đánh giá,
Evaluation Date,Ngày đánh giá,
Event Details,chi tiết sự kiện,
Event Link,Liên kết sự kiện,
Event Location,Vị trí sự kiện,
Event Name,Tên tổ chức sự kiện,
Event Status,Tình trạng tổ chức sự kiện,
Every Valid Check-in and Check-out,Mỗi lần nhận và trả phòng hợp lệ,
Exam,Thi,
Exchange Rate,Tỷ giá,
Exempted from Income Tax,Miễn thuế thu nhập,
Exemption Category,Danh mục miễn,
Exemption Sub Category,Danh mục phụ miễn,
Exit,Thoát,
Exit Interview Summary,Thoát Tóm tắt phỏng vấn,
Expand All,Mở rộng tất cả,
Expense,chi tiêu,
Expense Account,Tài khoản chi phí,
Expense Approver,Người phê duyệt chi phí,
Expense Approver Mandatory In Expense Claim,Chi phí phê duyệt bắt buộc trong yêu cầu chi tiêu,
Expense Claim,Chi phí khiếu nại,
Expense Claim Account,Tài khoản chi phí khiếu nại,
Expense Claim Advance,Yêu cầu bồi thường chi phí,
Expense Claim Detail,Chi tiết Chi phí khiếu nại,
Expense Claim Type,Loại chi phí yêu cầu bồi thường,
Expense Claim for Vehicle Log {0},Chi phí khiếu nại cho xe Log {0},
Expense Claim {0} already exists for the Vehicle Log,Chi phí khiếu nại {0} đã tồn tại cho Log xe,
Expense Claims,Claims Expense,
Expense Date,Ngày Chi phí,
Expense Proof,Bằng chứng chi phí,
Expense Taxes and Charges,Chi phí thuế và phí,
Expense Type,Loại phí,
Expenses,Chi phí,
Expire Allocation,Phân bổ hết hạn,
Expire Carry Forwarded Leaves (Days),Hết hạn mang theo lá chuyển tiếp (ngày),
Expired,Hết hạn,
Expired Leaves,Lá hết hạn,
Explanation,Giải trình,
Export,Xuất,
Failed,Thất bại,
Failure,Sự thất bại,
Feb,Tháng hai,
Feedback,Thông tin phản hồi,
Feedback Submitted,phản hồi được gửi,
Field Name,Tên trường,
Fill the form and save it,Điền vào mẫu và lưu nó,
Filter Based On,Bộ lọc dựa trên,
Filter List,Danh sách bộ lọc,
Filters,Bộ lọc,
First Check-in and Last Check-out,Nhận phòng lần đầu và Trả phòng lần cuối,
Fiscal Year,Năm tài chính,
Fiscal Year {0} not found,Năm tài chính {0} không tìm thấy,
Fleet Manager,Người quản lý đội xe,
Flexible Benefits,Lợi ích linh hoạt,
Flight,Chuyến bay,
Follow via Email,Theo qua email,
Food,Thực phẩm,
For Employee,Cho nhân viên,
Formula,Công thức,
Fortnightly,mổi tháng hai lần,
Fraction of Daily Salary for Half Day,Phần lương hàng ngày cho nửa ngày,
Frequency,Tần số,
Friday,Thứ sáu,
From,Từ,
From Amount,Từ số tiền,
From Date,Từ ngày,
From Date cannot be greater than To Date,"""Từ ngày"" không có thể lớn hơn ""Đến ngày""",
From Date {0} cannot be after employee's relieving Date {1},Từ ngày {0} không thể sau ngày giảm lương của nhân viên {1},
From Date {0} cannot be before employee's joining Date {1},Từ ngày {0} không thể trước ngày tham gia của nhân viên Ngày {1},
From Employee,Từ nhân viên,
From Time,Từ thời gian,
From User,Từ người dùng,
From date can not be less than employee's joining date,Từ ngày không thể nhỏ hơn ngày tham gia của nhân viên,
From date can not be less than employee's joining date.,Từ ngày không được ít hơn ngày gia nhập của nhân viên.,
Fuel Expense,Chi phí nhiên liệu,
Fuel Price,nhiên liệu Giá,
Fuel Qty,nhiên liệu Số lượng,
Full Name,Tên đầy đủ,
Full-time,Toàn thời gian,
Fully Sponsored,Hoàn toàn được tài trợ,
Funded Amount,Số tiền được tài trợ,
Future dates not allowed,Các ngày trong tương lai không được phép,
Gender,Giới Tính,
Geolocation,Vị trí địa lý,
Get Details From Declaration,Nhận thông tin chi tiết từ Tuyên bố,
Get Employees,Nhận nhân viên,
Get Template,Nhận Mẫu,
Gluten Free,Không chứa gluten,
Goal,Mục tiêu,
Goals,Mục tiêu,
Grade,Cấp,
Grand Total,Tổng cộng,
Green,Xanh,
Gross Pay,Tổng trả,
Group,Nhóm,
Group By,Nhóm theo,
HR,nhân sự,
HR Manager,Trưởng phòng Nhân sự,
HR Settings,Thiết lập nhân sự,
HR User,Người sử dụng nhân sự,
HR-ADS-.YY.-.MM.-,HR-ADS-.YY .-. MM.-,
HR-ATT-.YYYY.-,HR-ATT-.YYYY.-,
HR-EAD-.YYYY.-,HR-EAD-.YYYY.-,
HR-EXP-.YYYY.-,HR-EXP-.YYYY.-,
HR-LAL-.YYYY.-,HR-LAL-.YYYY.-,
HR-LAP-.YYYY.-,HR-LAP-.YYYY.-,
HR-VLOG-.YYYY.-,HR-VLOG-.YYYY.-,
Half Day,Nửa ngày,
Half Day Date,Kỳ hạn nửa ngày,
Half Day Date is mandatory,Ngày nửa ngày là bắt buộc,
Half Day Date should be between From Date and To Date,"Kỳ hạn nửa ngày nên ở giữa mục ""từ ngày"" và ""tới ngày""",
Half Day Date should be in between Work From Date and Work End Date,Ngày Nửa Ngày phải ở giữa Ngày Làm Việc Từ Ngày và Ngày Kết Thúc Công Việc,
Half Yearly,Nửa năm,
Half day date should be in between from date and to date,Ngày nửa ngày phải ở giữa ngày và giờ,
Half-Yearly,Nửa năm,
Has Certificate,Có Chứng chỉ,
Health Insurance,Bảo hiểm y tế,
Health Insurance Name,Tên Bảo hiểm Y tế,
Health Insurance No,Bảo hiểm sức khoẻ số,
Health Insurance Provider,Nhà cung cấp Bảo hiểm Y tế,
Hello,xin chào,
Help,Trợ giúp,
Hiring Settings,Cài đặt tuyển dụng,
Hold,tổ chức,
Holiday,Kỳ nghỉ,
Holiday List,Danh sách kỳ nghỉ,
Holiday List for Optional Leave,Danh sách kỳ nghỉ cho nghỉ phép tùy chọn,
Holidays,Ngày lễ,
Home,Trang Chủ,
Hour Rate,Tỷ lệ giờ,
Hours,Giờ,
House rent paid days overlapping with {0},Tiền thuê nhà ngày trả chồng chéo với {0},
House rented dates required for exemption calculation,Ngày thuê nhà được yêu cầu để tính miễn thuế,
House rented dates should be atleast 15 days apart,Ngày thuê nhà nên cách nhau ít nhất 15 ngày,
IFSC,IFSC,
IFSC Code,Mã IFSC,
IN,TRONG,
Identification Document Number,Mã số chứng thực,
Identification Document Type,Loại tài liệu,
"If checked, hides and disables Rounded Total field in Salary Slips","Nếu được chọn, ẩn và vô hiệu hóa trường Tổng số được làm tròn trong Bảng lương",
"If checked, the full amount will be deducted from taxable income before calculating income tax without any declaration or proof submission.","Nếu được kiểm tra, toàn bộ số tiền sẽ được khấu trừ vào thu nhập chịu thuế trước khi tính thuế thu nhập mà không cần kê khai hoặc nộp chứng từ nào.",
"If enabled, Tax Exemption Declaration will be considered for income tax calculation.","Nếu được kích hoạt, Tờ khai Miễn thuế sẽ được xem xét để tính thuế thu nhập.",
"If not checked, the list will have to be added to each Department where it has to be applied.","Nếu không kiểm tra, danh sách sẽ phải được thêm vào mỗi Bộ, nơi nó đã được áp dụng.",
"If selected, the value specified or calculated in this component will not contribute to the earnings or deductions. However, it's value can be referenced by other components that can be added or deducted. ","Nếu được chọn, giá trị được xác định hoặc tính trong thành phần này sẽ không đóng góp vào thu nhập hoặc khấu trừ. Tuy nhiên, giá trị của nó có thể được tham chiếu bởi các thành phần khác có thể được thêm vào hoặc khấu trừ.",
Import Attendance,Nhập khẩu tham dự,
Import Log,Nhập khẩu Đăng nhập,
Import Successful,Nhập khẩu thành công,
Importing {0} of {1},Nhập {0} trong số {1},
In Process,Trong quá trình,
In Progress,Trong tiến trình,
In Time,Đúng giờ,
Inactive,Không hoạt động,
Incentive Amount,Số tiền khuyến khích,
Incentives,Ưu đãi,
Include holidays in Total no. of Working Days,Bao gồm các ngày lễ trong Tổng số. của các ngày làm việc,
Include holidays within leaves as leaves,Bao gồm các ngày lễ trong các lần nghỉ như là các lần nghỉ,
Income Tax Amount,Số tiền thuế thu nhập,
Income Tax Component,Thành phần thuế thu nhập,
Income Tax Deductions,Các khoản khấu trừ thuế thu nhập,
Income Tax Slab,Bảng thuế thu nhập,
Income Tax Slab Other Charges,Thuế thu nhập Các khoản phí khác,
Income Tax Slab must be effective on or before Payroll Period Start Date: {0},Bảng kê khai thuế thu nhập phải có hiệu lực vào hoặc trước Ngày bắt đầu kỳ tính lương: {0},
Income Tax Slab not set in Salary Structure Assignment: {0},Bảng Thuế Thu nhập không được đặt trong Phân định Cơ cấu Tiền lương: {0},
Income Tax Slab: {0} is disabled,Bảng kê khai thuế thu nhập: {0} bị vô hiệu hóa,
Inspection,sự kiểm tra,
Interest,Quan tâm,
Interest Amount,Số tiền lãi,
Intermediate,Trung gian,
Intern,Thực tập,
International,Quốc tế,
Internet,Internet,
Introduction,Giới thiệu chung,
Invalid,không hợp lệ,
Invited,mời,
Invoice Ref,Tham chiếu hóa đơn,
Is Active,Là hoạt động,
Is Carry Forward,Được truyền thẳng về phía trước,
Is Compensatory,Là đền bù,
Is Default,Mặc định là,
Is Earned Leave,Được nghỉ phép,
Is Expired,Hết hạn,
Is Flexible Benefit,Lợi ích linh hoạt,
Is Group,Là nhóm,
Is Income Tax Component,Là thành phần thuế thu nhập,
Is Leave Without Pay,Là nghỉ không lương,
Is Mandatory,Bắt buộc,
Is Optional Leave,Là tùy chọn để lại,
Is Paid,Được thanh toán,
Is Recurring,Định kỳ,
Is Tax Applicable,Thuế có thể áp dụng,
Jan,tháng một,
Job Applicant,Nộp đơn công việc,
Job Applicant Source,Nguồn ứng viên công việc,
Job Description,Mô tả công việc,
Job Offer,Tuyển dụng,
Job Offer Term,Thời hạn Cung cấp việc làm,
Job Offer Terms,Điều khoản của việc làm,
Job Offer status,Trạng thái mời làm việc,
Job Offer: {0} is already for Job Applicant: {1},Đề nghị Việc làm: {0} đã dành cho Người xin việc: {1},
Job Opening,Cơ hội nghề nghiệp,
Job Title,Chức vụ,
"Job profile, qualifications required etc.","Hồ sơ công việc, trình độ chuyên môn cần thiết vv",
Joining Date,Ngày tham gia,
Journal Entry,Bút toán nhật ký,
July,Tháng 7,
June,Tháng 6,
KRA,KRA,
Key Performance Area,Khu vực thực hiện chính,
Key Responsibility Area,Trách nhiệm chính,
Keyboard Shortcuts,Các phím tắt bàn phím,
Last Known Successful Sync of Employee Checkin. Reset this only if you are sure that all Logs are synced from all the locations. Please don't modify this if you are unsure.,Được biết đến lần cuối Đồng bộ hóa thành công của nhân viên. Chỉ đặt lại điều này nếu bạn chắc chắn rằng tất cả Nhật ký được đồng bộ hóa từ tất cả các vị trí. Vui lòng không sửa đổi điều này nếu bạn không chắc chắn.,
Last Name,Tên,
Last Sync of Checkin,Đồng bộ hóa lần cuối của Checkin,
Late Entry,Vào trễ,
Late Entry Grace Period,Thời gian ân hạn muộn,
Latitude,Latitude,
Leave,Rời khỏi,
Leave Allocation,Phân bổ lại,
Leave Allocations,Để lại phân bổ,
Leave Application,Để lại ứng dụng,
Leave Approval Notification,Để lại thông báo phê duyệt,
Leave Approval Notification Template,Để lại mẫu thông báo phê duyệt,
Leave Approver,Để phê duyệt,
Leave Approver Mandatory In Leave Application,Để lại phê duyệt bắt buộc trong ứng dụng Leave,
Leave Approver Name,Để lại Tên Người phê duyệt,
Leave Balance,Trung bình còn lại,
Leave Balance Before Application,Trước khi rời khỏi cân ứng dụng,
Leave Block List,Để lại danh sách chặn,
Leave Block List Allow,Để lại danh sách chặn cho phép,
Leave Block List Allowed,Để lại danh sách chặn cho phép,
Leave Block List Date,Để lại kỳ hạn cho danh sách chặn,
Leave Block List Dates,Để lại các kỳ hạn cho danh sách chặn,
Leave Block List Name,Để lại tên danh sách chặn,
Leave Blocked,Đã chặn việc dời đi,
Leave Control Panel,Rời khỏi bảng điều khiển,
Leave Encashment,Nhận chi phiếu,
Leave Encashment Amount Per Day,Rời khỏi số tiền Encashment mỗi ngày,
Leave Ledger Entry,Rời khỏi sổ cái,
Leave Period,Rời khỏi Khoảng thời gian,
Leave Policy,Rời khỏi chính sách,
Leave Policy Detail,Để lại chi tiết chính sách,
Leave Policy Details,Để lại chi tiết chính sách,
Leave Status Notification,Để lại thông báo trạng thái,
Leave Status Notification Template,Để lại mẫu thông báo trạng thái,
Leave Type,Loại di dời,
Leave Type Name,Loại bỏ Tên,
Leave Type {0} cannot be allocated since it is leave without pay,Để lại Loại {0} không thể giao kể từ khi nó được nghỉ không lương,
Leave Type {0} cannot be carry-forwarded,Để lại Loại {0} có thể không được thực hiện chuyển tiếp-,
Leave Type {0} is not encashable,Loại bỏ {0} không được mã hóa,
Leave Without Pay,Nghỉ không lương,
Leave Without Pay does not match with approved {} records,Nghỉ phép Không trả tiền không khớp với hồ sơ {} đã được phê duyệt,
Leave application is linked with leave allocations {0}. Leave application cannot be set as leave without pay,Ứng dụng rời được liên kết với phân bổ nghỉ {0}. Đơn xin nghỉ phép không thể được đặt là nghỉ mà không trả tiền,
"Leave cannot be allocated before {0}, as leave balance has already been carry-forwarded in the future leave allocation record {1}","Việc nghỉ không thể được phân bổ trước khi {0},  vì cân bằng nghỉ phép đã được chuyển tiếp trong bản ghi phân bổ nghỉ phép trong tương lai {1}",
"Leave cannot be applied/cancelled before {0}, as leave balance has already been carry-forwarded in the future leave allocation record {1}","Việc nghỉ không thể áp dụng / hủy bỏ trước khi {0}, vì sô nghỉ trung bình đã được chuyển tiếp trong bản ghi phân bổ nghỉ phép trong tương lai {1}",
Leaves,Lá,
Leaves Allocated,Lá được phân bổ,
Leaves per Year,Các di dời mỗi năm,
Left,Trái,
Letter Head,Tiêu đề trang,
Level,Mức độ,
License Plate,Giấy phép mảng,
Lifecycle,Vòng đời,
Loan,Tiền vay,
Loan Repayment Entry,Trả nợ vay,
Location,Vị trí,
Location / Device ID,ID vị trí / thiết bị,
Location Name,Tên địa phương,
Lodging Required,Yêu cầu nhà nghỉ,
Log Type,Loại nhật ký,
Log Type is required for check-ins falling in the shift: {0}.,Loại nhật ký được yêu cầu cho các đăng ký rơi vào ca: {0}.,
Login,Đăng nhập,
Longitude,Kinh độ,
MICR,MICR,
Make,Tạo,
Mandatory,Bắt buộc,
Mandatory fields required in {0},Trường bắt buộc là cần thiết trong {0},
Manual,Hướng dẫn sử dụng,
Mar,Mar,
Mark Attendance,Đăng ký tham dự,
Mark attendance based on 'Employee Checkin' for Employees assigned to this shift.,Đánh dấu tham dự dựa trên Check Kiểm tra nhân viên &#39;cho nhân viên được chỉ định cho ca này.,
Marked Attendance,Đánh dấu có mặt,
Marked Attendance HTML,Đánh dấu có mặt HTML,
Max Amount Eligible,Số tiền tối đa đủ điều kiện,
Max Benefit Amount,Số tiền lợi ích tối đa,
Max Benefit Amount (Yearly),Số tiền lợi ích tối đa (hàng năm),
Max Benefits (Amount),Lợi ích tối đa (Số tiền),
Max Benefits (Yearly),Lợi ích Tối đa (Hàng năm),
Max Exemption Amount,Số tiền miễn tối đa,
Max Exemption Amount cannot be greater than maximum exemption amount {0} of Tax Exemption Category {1},Số tiền miễn thuế tối đa không thể lớn hơn số tiền miễn thuế tối đa {0} của Danh mục miễn thuế {1},
Max Taxable Income,Thu nhập chịu thuế tối đa,
Max benefits should be greater than zero to dispense benefits,Lợi ích tối đa phải lớn hơn 0 để phân chia lợi ích,
Max working hours against Timesheet,Tối đa giờ làm việc với Thời khóa biểu,
Maximum Carry Forwarded Leaves,Lá chuyển tiếp tối đa,
Maximum Exempted Amount,Số tiền được miễn tối đa,
Maximum Exemption Amount,Số tiền miễn tối đa,
Maximum amount eligible for the component {0} exceeds {1},Số tiền tối đa đủ điều kiện cho thành phần {0} vượt quá {1},
Maximum benefit amount of component {0} exceeds {1},Số lượng lợi ích tối đa của thành phần {0} vượt quá {1},
Maximum benefit amount of employee {0} exceeds {1},Số tiền lợi ích tối đa của nhân viên {0} vượt quá {1},
Maximum leave allowed in the leave type {0} is {1},Thời gian nghỉ tối đa được phép trong loại nghỉ {0} là {1},
May,Có thể,
Meal Preference,Ưu đãi bữa ăn,
Medical,Y khoa,
Message,Thông điệp,
Mileage,Cước phí,
Min Taxable Income,Thu nhập chịu thuế tối thiểu,
Missing Fields,Thiếu trường,
Mode Of Payment,Hình thức thanh toán,
Mode of Payment,Phương thức thanh toán,
Mode of Travel,Phương thức du lịch,
Mode of payment is required to make a payment,Phương thức thanh toán là cần thiết để thực hiện thanh toán,
Model,Mô hình,
Monday,Thứ Hai,
Month,Tháng,
Monthly,Hàng tháng,
Monthly Attendance Sheet,Hàng tháng tham dự liệu,
More,Nhiều Hơn,
More Info,Xem thông tin,
More than one selection for {0} not allowed,Không cho phép nhiều lựa chọn cho {0},
My Account,Tài Khoản Của Tôi,
Name,"Accounting,Kế toán",
Name of Organizer,Tên tổ chức,
Naming Series,Đặt tên series,
Net Pay,Tiền thực phải trả,
Net Pay cannot be less than 0,Tiền thực trả không thể ít hơn 0,
Net Salary Amount,Số tiền lương ròng,
Net pay cannot be negative,TIền thực trả không thể âm,
New,Mới,
New Company,Công ty mới,
New Employee ID,ID nhân viên mới,
New Leaves Allocated,Những sự cho phép mới được phân bổ,
New Leaves Allocated (In Days),Những sự cho phép mới được phân bổ (trong nhiều ngày),
No,Không,
No Data,Không có dữ liệu,
No Employee Found,Không tìm thấy nhân viên,
No Employee found for the given employee field value. '{}': {},Không tìm thấy nhân viên cho giá trị trường nhân viên nhất định. &#39;{}&#39;: {},
No Leaves Allocated to Employee: {0} for Leave Type: {1},Không có lá nào được phân bổ cho nhân viên: {0} cho loại nghỉ phép: {1},
No Staffing Plans found for this Designation,Không tìm thấy kế hoạch nhân sự nào cho chỉ định này,
No active or default Salary Structure found for employee {0} for the given dates,Không có cấu trúc lương có hiệu lực hoặc mặc định được tìm thấy cho nhân viên {0} với các kỳ hạn có sẵn,
No additional expenses has been added,Không có chi phí bổ sung đã được thêm vào,
No leave record found for employee {0} on {1},Không tìm thấy hồ sơ nghỉ phép cho nhân viên {0} vào {1},
No more updates,Không có bản cập nhật,
No record found,Không có bản ghi được tìm thấy,
No replies from,Không có trả lời từ,
No salary slip found to submit for the above selected criteria OR salary slip already submitted,Không tìm thấy phiếu lương cho các tiêu chí đã chọn ở trên hoặc phiếu lương đã nộp,
Non Diary,Non Diary,
Non-Vegetarian,Người không ăn chay,
Not Allowed,Không được phép,
Not Permitted,Không được phép,
Not Started,Chưa bắt đầu,
Note,Ghi chú,
Notes,Ghi chú:,
Nothing to change,Không có gì để thay đổi,
Notice Period,Thông báo Thời gian,
Notifications,Thông báo,
Notify users by email,Thông báo cho người dùng qua email,
Nov,Tháng 11,
Number Of Employees,Số lượng nhân viên,
Number Of Positions,Số vị trí,
OUT,NGOÀI,
Oct,Tháng 10,
Odometer Reading,Đọc mét kế,
Offer Date,Kỳ hạn Yêu cầu,
Offer Term,Thời hạn Cung cấp,
Old Parent,Cũ Chánh,
On Date,Đúng ngày,
On Duty,Đang thi hành công vụ,
On Hold,Đang chờ,
On Leave,Nghỉ,
Only Approvers can Approve this Request.,Chỉ Người phê duyệt mới có thể Phê duyệt Yêu cầu này.,
Only Leave Applications with status 'Approved' and 'Rejected' can be submitted,Chỉ Rời khỏi ứng dụng với tình trạng &#39;Chấp Nhận&#39; và &#39;từ chối&#39; có thể được gửi,
Only Shift Request with status 'Approved' and 'Rejected' can be submitted,Chỉ có thể gửi Yêu cầu thay đổi với trạng thái &#39;Đã chấp thuận&#39; và &#39;Bị từ chối&#39;,
Only Tax Impact (Cannot Claim But Part of Taxable Income),Chỉ có tác động về thuế (không thể yêu cầu nhưng một phần thu nhập chịu thuế),
Only expired allocation can be cancelled,Chỉ có thể hủy bỏ phân bổ hết hạn,
Only users with the {0} role can create backdated leave applications,Chỉ những người dùng có vai trò {0} mới có thể tạo các ứng dụng nghỉ phép đã lỗi thời,
Open,Mở,
Opening Balance,Số dư đầu kỳ,
Optional Holiday List not set for leave period {0},Danh sách khách sạn tùy chọn không được đặt cho khoảng thời gian nghỉ {0},
Orange,trái cam,
Other Details,Những chi tiết khác,
Other Settings,Các thiết lập khác,
Other Taxes and Charges,Các loại thuế và phí khác,
Others,Các thông tin khác,
Out Time,Ngoài giờ,
Outstanding Amount,Số tiền nợ,
Overwrite Salary Structure Amount,Ghi đè số tiền cấu trúc lương,
Owned,Sở hữu,
PAN Number,Số PAN,
PF Account,Tài khoản PF,
PF Amount,Số tiền PF,
PF Loan,Khoản vay PF,
Paid,Đã trả,
Paid Amount,Số tiền thanh toán,
Parameter,Tham số,
Part-time,Bán thời gian,
Partial Success,Một phần thành công,
"Partially Sponsored, Require Partial Funding","Được tài trợ một phần, Yêu cầu tài trợ một phần",
Passport Number,Số hộ chiếu,
Password,Mật khẩu,
Password Policy,Chính sách mật khẩu,
Password policy cannot contain spaces or simultaneous hyphens. The format will be restructured automatically,Chính sách mật khẩu không thể chứa dấu cách hoặc dấu gạch nối đồng thời. Các định dạng sẽ được cơ cấu lại tự động,
Password policy for Salary Slips is not set,Chính sách mật khẩu cho Phiếu lương không được đặt,
Pay Against Benefit Claim,Trả tiền chống khiếu nại phúc lợi,
Payable Account,Tài khoản phải trả,
Payables,Phải trả,
Payment,Thanh toán,
Payment Account,Tài khoản thanh toán,
Payment Account is mandatory,Tài khoản thanh toán là bắt buộc,
Payment Days,Ngày thanh toán,
Payment Entry,Bút toán thanh toán,
Payment of {0} from {1} to {2},Thanh toán {0} từ {1} đến {2},
Payroll,Bảng lương,
Payroll Cost Center,Trung tâm chi phí tính lương,
Payroll Date,Ngày tính lương,
Payroll Employee Detail,Chi tiết Nhân viên Chi trả,
Payroll Entry,Bản ghi lương,
Payroll Frequency,Chu kì phát lương,
Payroll Number,Số biên chế,
Payroll Payable,Bảng lương phải trả,
Payroll Period,Kỳ tính lương,
Payroll Period Date,Thời hạn biên chế,
Payroll Periods,Kỳ tính lương,
Payroll Settings,Thiết lập bảng lương,
Payroll date can not be greater than employee's relieving date.,Ngày trả lương không được lớn hơn ngày nghỉ việc của nhân viên.,
Payroll date can not be less than employee's joining date.,Ngày trả lương không được ít hơn ngày gia nhập của nhân viên.,
Pending,Chờ,
Pending Amount,Số tiền cấp phát,
Percent,Phần trăm,
Percent Deduction,Phần trăm khấu trừ,
Phone Number,Số điện thoại,
Piecework,Việc làm ăn khoán,
Planned number of Positions,Số lượng vị trí dự kiến,
Please add the remaining benefits {0} to any of the existing component,Vui lòng thêm các lợi ích còn lại {0} vào bất kỳ thành phần hiện có nào,
Please confirm once you have completed your training,Vui lòng xác nhận khi bạn đã hoàn thành khóa học,
Please enable default incoming account before creating Daily Work Summary Group,Vui lòng bật tài khoản gửi đến mặc định trước khi tạo Nhóm Tóm lược công việc hàng ngày,
Please enter the designation,Vui lòng nhập chỉ định,
Please select Company and Designation,Vui lòng chọn Công ty và Chỉ định,
Please select Employee,Vui lòng chọn nhân viên,
Please select Employee first.,Vui lòng chọn Nhân viên trước.,
Please select a Company,Hãy lựa chọn một công ty,
Please select a csv file,Vui lòng chọn một tập tin csv,
Please select {0},Vui lòng chọn {0},
Please set Payroll based on in Payroll settings,Vui lòng đặt Bảng lương dựa trên trong Cài đặt bảng lương,
Please set default template for Leave Approval Notification in HR Settings.,Vui lòng đặt mẫu mặc định cho Thông báo chấp thuận để lại trong Cài đặt nhân sự.,
Please set default template for Leave Status Notification in HR Settings.,Vui lòng đặt mẫu mặc định cho Thông báo trạng thái rời khỏi trong Cài đặt nhân sự.,
Please set the Company,Hãy đặt Công ty,
Please set the Date Of Joining for employee {0},Vui lòng đặt Ngày tham gia cho nhân viên {0},
Please setup Employee Naming System in Human Resource > HR Settings,Vui lòng thiết lập Hệ thống đặt tên nhân viên trong Nhân sự&gt; Cài đặt nhân sự,
Please setup numbering series for Attendance via Setup > Numbering Series,Vui lòng thiết lập chuỗi đánh số cho Tham dự thông qua Cài đặt&gt; Sê-ri đánh số,
Please share your feedback to the training by clicking on 'Training Feedback' and then 'New',Vui lòng chia sẻ phản hồi của bạn cho buổi tập huấn bằng cách nhấp vào &#39;Phản hồi đào tạo&#39; và sau đó &#39;Mới&#39;,
Please update your status for this training event,Vui lòng cập nhật trạng thái của bạn cho sự kiện đào tạo này,
Posting Date,Ngày đăng,
Preferred Area for Lodging,Khu vực ưa thích cho nhà nghỉ,
Present,Nay,
Preview Salary Slip,Xem trước bảng lương,
Print Heading,In tiêu đề,
Printed On,In vào,
Printing Details,Các chi tiết in ấn,
Privilege Leave,Nghỉ phép đặc quyền,
Probation,Quản chế,
Probationary Period,Thời gian thử việc,
Process Attendance After,Tham dự quá trình sau,
Professional Tax Deductions,Các khoản khấu trừ thuế nghề nghiệp,
Proficiency,Khả năng,
Progress,"Tiến bộ, tiến trình",
Project,Dự Án,
Promotion Date,Ngày khuyến mãi,
Property,Tài sản,
Property already added,Đã thêm thuộc tính,
Provident Fund Deductions,Các khoản khấu trừ quỹ dự phòng,
Publish on website,Xuất bản trên trang web,
Purpose,Mục đích,
Purpose of Travel,Mục đích của du lịch,
Quarterly,Quý,
Queued,Xếp hàng,
Raised By,đưa lên bởi,
Rate,"Sales Invoice,Hóa đơn bán hàng",
Rating,Đánh giá,
Re-allocate Leaves,Tái phân bổ lá,
Read,Đọc,
Reason,Nguyên nhân,
Receivables,Các khoản phải thu,
Recruitment Analytics,Phân tích tuyển dụng,
Red,Đỏ,
Reference,Tham chiếu,
Reference Document,Tài liệu tham khảo,
Reference Document Name,Tên tài liệu tham khảo,
Reference Document Type,Tài liệu tham chiếu Type,
References,Tài liệu tham khảo,
Referrer,Người giới thiệu,
Refuelling Details,Chi tiết Nạp nhiên liệu,
Reject,Từ chối,
Rejected,Bị từ chối,
Relieving Date,Giảm ngày,
Reload,Nạp lại,
Remaining Benefits (Yearly),Lợi ích còn lại (Hàng năm),
Remark,Nhận xét,
Remarks,Ghi chú,
Remind Before,Nhắc trước,
Reminded,Được nhắc nhở,
Reminder,Nhắc nhở,
Rented Car,Xe thuê,
Reopen,Mở cửa trở lại,
Repay From Salary,Trả nợ từ lương,
Repay From Salary can be selected only for term loans,Trả nợ theo lương chỉ có thể được chọn cho các khoản vay có kỳ hạn,
Replied,Trả lời,
Replies,Trả lời,
Reports,Báo cáo,
Require Full Funding,Yêu cầu tài trợ đầy đủ,
Required Skills,Kỹ năng cần thiết,
Required for Employee Creation,Bắt buộc để tạo nhân viên,
Reset Password,Đặt lại Mật khẩu,
Resignation Letter Date,Ngày viết đơn nghỉ hưu,
Resolution Date,Ngày giải quyết,
Resolution Details,Chi tiết giải quyết,
Resolved,Đã giải quyết,
Resolved By,Giải quyết bởi,
Responsibilities,Trách nhiệm,
Result,Kết quả,
Resume,Tiếp tục,
Resume Attachment,Resume đính kèm,
Retention Bonus,Tiền thưởng duy trì,
Return,Trả về,
Returned Amount,Số tiền trả lại,
Right,Được rồi.,
Role,Vai trò,
Role Allowed to Create Backdated Leave Application,Vai trò được phép tạo ứng dụng nghỉ việc lạc hậu,
Round to the Nearest Integer,Làm tròn đến số nguyên gần nhất,
Rounded Total,Tròn số,
Rounded Total (Company Currency),Tròn số (quy đổi theo tiền tệ của công ty ),
Rounding,Làm tròn,
Route,Tuyến đường,
Row #{0}: Cannot set amount or formula for Salary Component {1} with Variable Based On Taxable Salary,Hàng # {0}: Không thể đặt số tiền hoặc công thức cho Thành phần tiền lương {1} với Biến số dựa trên mức lương chịu thuế,
Row {0}# Allocated amount {1} cannot be greater than unclaimed amount {2},Hàng {0} # Số tiền được phân bổ {1} không được lớn hơn số tiền chưa được xác nhận {2},
Row {0}# Paid Amount cannot be greater than requested advance amount,Hàng {0} Số tiền phải trả không được lớn hơn số tiền tạm ứng đã yêu cầu,
Row {0}: {1} is required in the expenses table to book an expense claim.,Hàng {0}: {1} là bắt buộc trong bảng chi phí để đặt trước yêu cầu chi phí.,
Salary,Lương,
Salary Component,Phần lương,
Salary Component Account,Tài khoản phần lương,
Salary Component Type,Loại thành phần lương,
Salary Component for timesheet based payroll.,Phần lương cho bảng thời gian biểu dựa trên bảng lương,
Salary Detail,Chi tiết lương,
Salary Details,Chi tiết tiền lương,
Salary Payments Based On Payment Mode,Trả lương dựa trên phương thức thanh toán,
Salary Payments via ECS,Thanh toán lương qua ECS,
Salary Register,Mức lương Đăng ký,
Salary Slip,phiếu lương,
Salary Slip Based on Timesheet,Phiếu lương Dựa trên bảng thời gian,
Salary Slip ID,ID phiếu lương,
Salary Slip Loan,Khoản Vay Lương,
Salary Slip Timesheet,Bảng phiếu lương,
Salary Slip of employee {0} already created for this period,Phiếu lương của nhân viên {0} đã được tạo ra trong giai đoạn này,
Salary Slip of employee {0} already created for time sheet {1},Phiếu lương của nhân viên {0} đã được tạo ra cho bảng thời gian {1},
Salary Slips Created,Đã tạo phiếu lương,
Salary Slips Submitted,Đã gửi phiếu lương,
Salary Structure,Cơ cấu tiền lương,
Salary Structure Assignment,Chuyển nhượng cấu trúc lương,
Salary Structure Assignment for Employee already exists,Phân công cơ cấu lương cho nhân viên đã tồn tại,
Salary Structure Missing,Cơ cấu tiền lương Thiếu,
Salary Structure not found for employee {0} and date {1},Cấu trúc lương không tìm thấy cho nhân viên {0} và ngày {1},
Salary Structure should have flexible benefit component(s) to dispense benefit amount,Cơ cấu lương nên có các thành phần lợi ích linh hoạt để phân chia số tiền trợ cấp,
"Salary already processed for period between {0} and {1}, Leave application period cannot be between this date range.","Mức lương đã được xử lý cho giai đoạn giữa {0} và {1}, Giai đoạn bỏ ứng dụng không thể giữa khoảng kỳ hạn này",
Salary breakup based on Earning and Deduction.,Chia tiền lương dựa trên thu nhập và khấu trừ,
Sales Invoice,Hóa đơn bán hàng,
Same Company is entered more than once,Cùng Công ty được nhập nhiều hơn một lần,
Sanctioned Amount cannot be greater than Claim Amount in Row {0}.,Số tiền bị xử phạt không thể lớn hơn so với yêu cầu bồi thường Số tiền trong Row {0}.,
Saturday,Thứ bảy,
Scheduled,Dự kiến,
Score (0-5),Điểm số (0-5),
Score Earned,Điểm số kiếm được,
Score must be less than or equal to 5,Điểm số phải nhỏ hơn hoặc bằng 5,
Select Company,Chọn công ty,
Select Employees,Chọn nhân viên,
Select Payment Account to make Bank Entry,Chọn tài khoản thanh toán để làm cho Ngân hàng nhập,
Select Payroll Period,Chọn lương Thời gian,
Select Property,Chọn bất động sản,
Select Terms and Conditions,Chọn Điều khoản và Điều kiện,
Select Users,Chọn Người dùng,
Select an employee to get the employee advance.,Chọn một nhân viên để có được nhân viên trước.,
Select {0},Chọn {0},
Self-Study,Tự học,
Seminar,Hội thảo,
Send Emails At,Gửi email Tại,
Sender,Người gửi,
Sender Email,Email người gửi,
Sent,Đã gửi,
Sep,Tháng chín,
Series,Series,
Service,Dịch vụ,
Service Details,Chi tiết dịch vụ,
Service Expense,Chi phí dịch vụ,
Service Item,dịch vụ hàng,
Session Defaults,Mặc định phiên,
Set the default account for the {0} {1},Đặt tài khoản mặc định cho {0} {1},
Settings,Cài đặt,
Settled,Định cư,
Shift,Ca,
Shift Actual End,Thay đổi thực tế kết thúc,
Shift Actual Start,Thay đổi thực tế bắt đầu,
Shift Assignment,Chuyển nhượng Shift,
Shift Assignment: {0} created for Employee: {1},Phân công theo ca: {0} được tạo cho Nhân viên: {1},
Shift End,Thay đổi kết thúc,
Shift Request,Yêu cầu thay đổi,
Shift Request Approver,Người phê duyệt yêu cầu thay đổi,
Shift Start,Thay đổi bắt đầu,
Shift Type,Loại thay đổi,
Show Employee,Hiển thị nhân viên,
Show Leaves Of All Department Members In Calendar,Hiển thị các lá của tất cả các thành viên của bộ phận trong lịch,
Show Salary Slip,Trượt Hiện Lương,
Sick Leave,nghỉ bệnh,
Skill,Kỹ năng,
Skill Name,Tên kỹ năng,
Skills,Kỹ năng,
Skip Auto Attendance,Bỏ qua tự động tham dự,
"Skipping Salary Structure Assignment for the following employees, as Salary Structure Assignment records already exists against them. {0}","Bỏ qua Phân công cấu trúc lương cho các nhân viên sau, vì hồ sơ Phân công cấu trúc lương đã tồn tại đối với họ. {0}",
Source,Nguồn,
Source Name,Tên nguồn,
Sponsored Amount,Số tiền được tài trợ,
Staffing Plan,Kế hoạch nhân lực,
Staffing Plan Detail,Chi tiết kế hoạch nhân sự,
Staffing Plan {0} already exist for designation {1},Kế hoạch nhân sự {0} đã tồn tại để chỉ định {1},
Standard Tax Exemption Amount,Số tiền miễn thuế tiêu chuẩn,
Start,Bắt đầu,
Start Date,Ngày bắt đầu,
Start Time,Thời gian bắt đầu,
"Start and end dates not in a valid Payroll Period, cannot calculate {0}","Ngày bắt đầu và ngày kết thúc không trong Thời hạn trả lương hợp lệ, không thể tính {0}",
"Start and end dates not in a valid Payroll Period, cannot calculate {0}.","Ngày bắt đầu và ngày kết thúc không có trong Thời hạn biên chế hợp lệ, không thể tính toán {0}.",
Statistical Component,Hợp phần Thống kê,
Status,Trạng thái,
Stock Options,Tùy chọn hàng tồn kho,
Stop users from making Leave Applications on following days.,Ngăn chặn người dùng từ việc để lai ứng dụng vào những ngày sau.,
Strictly based on Log Type in Employee Checkin,Dựa hoàn toàn vào Loại nhật ký trong Đăng ký nhân viên,
Structures have been assigned successfully,Cấu trúc đã được chỉ định thành công,
Subject,Chủ đề,
Submission Date,Ngày nộp hồ sơ,
Submit,Gửi,
Submit Proof,Gửi bằng chứng,
Submit Salary Slip,Trình Lương trượt,
Submit this to create the Employee record,Gửi thông tin này để tạo hồ sơ Nhân viên,
Submitted,Đã lần gửi,
Submitting Salary Slips and creating Journal Entry...,Gửi Phiếu lương và tạo Mục nhập Nhật ký ...,
Submitting Salary Slips...,Gửi phiếu lương ...,
Success,Sự thành công,
Summarized View,Chế độ xem tóm tắt,
Sunday,Chủ Nhật,
Supplier,Nhà cung cấp,
Suspended,Đình chỉ,
System Manager,Hệ thống quản lý,
Task,Nhiệm vụ,
Task Weight,trọng lượng công việc,
Tax Exemption Category,Danh mục miễn thuế,
Tax Exemption Proofs,Chứng từ miễn thuế,
Tax on additional salary,Thuế trên tiền lương bổ sung,
Tax on flexible benefit,Thuế lợi ích linh hoạt,
Taxable Salary Slab,Bảng lương có thể tính thuế,
Taxable Salary Slabs,Bảng lương chịu thuế,
Taxes and Charges on Income Tax,Thuế và Phí đối với Thuế thu nhập,
Taxi,xe tắc xi,
Team Updates,Cập nhật nhóm,
Template Name,Tên mẫu,
Terms,Điều khoản,
Terms and Conditions,Các Điều khoản/Điều kiện,
Thank you,Cảm ơn bạn,
The day(s) on which you are applying for leave are holidays. You need not apply for leave.,Ngày (s) mà bạn đang nộp đơn xin nghỉ phép là ngày nghỉ. Bạn không cần phải nộp đơn xin nghỉ phép.,
The first Approver in the list will be set as the default Approver.,Người phê duyệt đầu tiên trong danh sách sẽ được đặt làm Người phê duyệt mặc định.,
The fraction of daily wages to be paid for half-day attendance,Phần tiền lương hàng ngày phải trả khi đi học nửa ngày,
"The salary slip emailed to the employee will be password protected, the password will be generated based on the password policy.","Phiếu lương gửi qua email cho nhân viên sẽ được bảo vệ bằng mật khẩu, mật khẩu sẽ được tạo dựa trên chính sách mật khẩu.",
The time after the shift start time when check-in is considered as late (in minutes).,Thời gian sau ca làm việc bắt đầu khi nhận phòng được coi là trễ (tính bằng phút).,
The time before the shift end time when check-out is considered as early (in minutes).,Thời gian trước khi hết giờ làm việc khi trả phòng được coi là sớm (tính bằng phút).,
The time before the shift start time during which Employee Check-in is considered for attendance.,Thời gian trước khi bắt đầu ca làm việc trong đó Đăng ký nhân viên được xem xét để tham dự.,
Theory,Lý thuyết,
There are more holidays than working days this month.,Có nhiều ngày lễ hơn ngày làm việc trong tháng này.,
There are no vacancies under staffing plan {0},Không có chỗ trống trong kế hoạch nhân sự {0},
This employee already has a log with the same timestamp.{0},Nhân viên này đã có một nhật ký với cùng dấu thời gian. {0},
This is based on the attendance of this Employee,Điều này được dựa trên sự tham gia của nhân viên này,
This will submit Salary Slips and create accrual Journal Entry. Do you want to proceed?,Điều này sẽ gửi phiếu lương và tạo Khoản Ghi Theo Dồn. Bạn có muốn tiếp tục?,
Thursday,Thứ năm,
Time,Thời gian,
Time Interval,Khoảng thời gian,
Time Sheet,Thời gian biểu,
Time after the end of shift during which check-out is considered for attendance.,Thời gian sau khi kết thúc ca làm việc trả phòng được xem xét để tham dự.,
Timesheet,Thời gian biểu,
Timing,Thời gian,
Title,Tiêu đề,
To,Đến,
To Amount,Đến số tiền,
To Date,Đến ngày,
To Date cannot be before From Date,Cho đến ngày không có thể trước khi từ ngày,
To Date should be greater than From Date,Đến ngày phải lớn hơn Từ ngày,
To Time,Giờ,
To User,Đến người dùng,
To date can not be equal or less than from date,Đến ngày không thể bằng hoặc nhỏ hơn so với ngày tháng,
To date can not be greater than employee's relieving date.,Cho đến nay không được lớn hơn ngày nghỉ việc của nhân viên.,
To date can not be less than from date,Cho đến nay không thể nhỏ hơn so với ngày tháng,
To date can not greater than employee's relieving date,Cho đến nay không thể lớn hơn ngày giảm lương của nhân viên,
To date cannot be before from date,Đến ngày không thể trước ngày từ,
Total,Tổng sồ,
Total Absent,Tổng số Vắng,
Total Actual Amount,Tổng số tiền thực tế,
Total Advance Amount,Tổng số tiền ứng trước,
Total Allocated Leaves,Tổng số lá được phân bổ,
Total Amount,Tổng số,
Total Amount Reimbursed,Tổng số tiền bồi hoàn,
Total Billed Hours,Tổng số giờ,
Total Claimed Amount,Tổng số tiền được công bố,
Total Declared Amount,Tổng số tiền khai báo,
Total Deduction,Tổng số trích,
Total Early Exits,Tổng số lối ra sớm,
Total Earning,Tổng số Lợi nhuận,
Total Estimated Budget,Tổng ngân sách ước tính,
Total Estimated Cost,Tổng chi phí ước tính,
Total Exemption Amount,Tổng số tiền miễn,
Total Expense Claim (via Expense Claim),Tổng số yêu cầu bồi thường chi phí (thông qua số yêu cầu bồi thường chi phí ),
Total Holidays,Tổng số ngày lễ,
Total Interest Amount,Tổng số tiền lãi,
Total Late Entries,Tổng số bài dự thi muộn,
Total Leave Days,Tổng số ngày nghỉ phép,
Total Leaves,Tổng số nghỉ phép,
Total Leaves Allocated,Tổng số nghỉ phép được phân bố,
Total Leaves Encashed,Tổng số lá đã được nén,
Total Loan Repayment,Tổng số trả nợ,
Total Present,Tổng số hiện tại,
Total Principal Amount,Tổng số tiền gốc,
Total Sanctioned Amount,Tổng số tiền bị xử phạt,
Total Score,Tổng điểm,
Total Taxes and Charges,Tổng số thuế và phí,
Total Working Hours,Tổng số giờ làm việc,
Total advance amount cannot be greater than total sanctioned amount,Tổng số tiền tạm ứng không được lớn hơn tổng số tiền bị xử phạt,
Total flexible benefit component amount {0} should not be less than max benefits {1},Tổng số tiền thành phần lợi ích linh hoạt {0} không được nhỏ hơn lợi ích tối đa {1},
Total in words,Tổng số bằng chữ,
Total leaves allocated is mandatory for Leave Type {0},Tổng số lá được phân bổ là bắt buộc đối với Loại bỏ {0},
Total working hours should not be greater than max working hours {0},Tổng số giờ làm việc không nên lớn hơn so với giờ làm việc tối đa {0},
Totals,{0}{/0}{1}{/1} {2}{/2}Tổng giá trị,
Train,Xe lửa,
Trainer Email,email người huấn luyện,
Trainer Name,tên người huấn luyện,
Training,Đào tạo,
Training Date,Ngày đào tạo,
Training Event,Sự kiện đào tạo,
Training Event Employee,Đào tạo nhân viên tổ chức sự kiện,
Training Event:,Sự kiện đào tạo:,
Training Events,Sự kiện đào tạo,
Training Feedback,Đào tạo phản hồi,
Training Program,Chương trình đào tạo,
Training Result,Kết quả đào tạo,
Training Result Employee,Đào tạo Kết quả của nhân viên,
Trainings,Đào tạo,
Transaction Date,Giao dịch ngày,
Transaction Name,Tên giao dịch,
Transaction Type,Loại giao dịch,
Transactions,Giao dịch,
Transfer Date,Ngày chuyển giao,
Travel,Du lịch,
Travel Advance Required,Yêu cầu trước chuyến đi,
Travel From,Du lịch từ,
Travel Funding,Tài trợ du lịch,
Travel Itinerary,Hành trình du lịch,
Travel Request,Yêu cầu du lịch,
Travel Request Costing,Chi phí yêu cầu du lịch,
Travel To,Đi du lịch tới,
Travel Type,Loại du lịch,
Tuesday,Thứ ba,
Type,Loại,
Type of Proof,Loại bằng chứng,
Unable to find Salary Component {0},Không thể tìm thấy Thành phần lương {0},
Unmarked Attendance,không có mặt,
Unmarked Attendance for days,Tham dự không dấu trong nhiều ngày,
Unmarked Days,Ngày không đánh dấu,
Unmarked days,Ngày không được đánh dấu,
Unpaid,Chưa thanh toán,
Unpaid Expense Claim,Yêu cầu bồi thường chi phí chưa thanh toán,
Unused leaves,Quyền nghỉ phép chưa sử dụng,
Update,Cập nhật,
Update Response,Cập nhật phản hồi,
Upload Attendance,Tải lên bảo quản,
Upload HTML,Tải lên HTML,
Used Leaves,Lá đã qua sử dụng,
User,Người dùng,
Users,Người sử dụng,
Vacancies,Vị trí Tuyển dụng,
Vacancies cannot be lower than the current openings,Vị trí tuyển dụng không thể thấp hơn mức mở hiện tại,
Validate Attendance,Xác thực tham dự,
Validating Employee Attendance...,Xác nhận sự tham gia của nhân viên ...,
Value / Description,Giá trị / Mô tả,
Value missing,Thiếu giá trị,
Variable,biến số,
Variable Based On Taxable Salary,Biến dựa trên mức lương chịu thuế,
Vegetarian,Ăn chay,
Vehicle,phương tiện,
Vehicle Expenses,Chi phí phương tiện,
Vehicle Log,nhật ký phương tiện,
Vehicle Service,Dịch vụ của phương tiện,
View,Xem,
View All,Xem tất cả,
View Ledger,Xem sổ cái,
View List,Xem danh sách,
View Website,Xem trang web,
Walk In,Đi vào,
Warning,Cảnh báo,
Warning: Leave application contains following block dates,Cảnh báo: ứng dụng gỡ bỏ có chứa khoảng ngày sau,
Website Listing,Danh sách trang web,
Wednesday,Thứ tư,
Weekly,Hàng tuần,
Weightage (%),Trọng lượng(%),
Work End Date,Ngày kết thúc công việc,
Work From Date,Làm việc từ ngày,
Work From Home,Làm ở nhà,
Work Summary for {0},Bản tóm tắt công việc cho {0},
Worked On Holiday,Làm việc vào ngày lễ,
Working Days,Ngày làm việc,
Working Hours,Giờ làm việc,
Working Hours Calculation Based On,Tính toán giờ làm việc dựa trên,
Working Hours Threshold for Absent,Ngưỡng giờ làm việc vắng mặt,
Working Hours Threshold for Half Day,Ngưỡng giờ làm việc trong nửa ngày,
Working hours below which Absent is marked. (Zero to disable),Giờ làm việc dưới đây mà vắng mặt được đánh dấu. (Không có để vô hiệu hóa),
Working hours below which Half Day is marked. (Zero to disable),Giờ làm việc dưới đó nửa ngày được đánh dấu. (Không có để vô hiệu hóa),
Workshop,xưởng,
Year,Năm,
Yearly,Hàng năm,
Yellow,Màu vàng,
Yes,Đồng ý,
You are not authorized to approve leaves on Block Dates,Bạn không được uỷ quyền phê duyệt nghỉ trên Các khối kỳ hạn,
You are not present all day(s) between compensatory leave request days,Bạn không có mặt cả ngày trong khoảng thời nghỉ phép,
You can not request for your Default Shift: {0},Bạn không thể yêu cầu Shift mặc định của mình: {0},
You can only submit Leave Encashment for a valid encashment amount,Bạn chỉ có thể gửi Leave Encashment cho số tiền thanh toán hợp lệ,
created,tạo,
email,e-mail,
to,đến,
{0} already allocated for Employee {1} for period {2} to {3},{0} đã được phân phối cho nhân viên {1} cho kỳ {2} đến {3},
{0} already exists for employee {1} and period {2},{0} đã tồn tại cho nhân viên {1} và khoảng thời gian {2},
{0} applicable after {1} working days,{0} áp dụng sau {1} ngày làm việc,
{0} is mandatory,{0} là bắt buộc,
{0} is not in Optional Holiday List,{0} không có trong Danh Sách Ngày Nghỉ Tùy Chọn,
{0} is not in a valid Payroll Period,{0} không có trong Kỳ Phát Lương hợp lệ,
{0} is required,{0} được yêu cầu,
{0} must be submitted,{0} phải được gửi,
"{0}: Employee email not found, hence email not sent",{0}: không tìm thấy email của nhân viên. do đó không gửi được email,
{0}: From {0} of type {1},{0}: Từ {0} của loại {1},
{} is an invalid Attendance Status.,{} là Trạng thái tham dự không hợp lệ.,
